Link Name,Center of Mass X,Center of Mass Y,Center of Mass Z,Center of Mass Roll,Center of Mass Pitch,Center of Mass Yaw,Mass,Moment Ixx,Moment Ixy,Moment Ixz,Moment Iyy,Moment Iyz,Moment Izz,Visual X,Visual Y,Visual Z,Visual Roll,Visual Pitch,Visual Yaw,Mesh Filename,Color Red,Color Green,Color Blue,Color Alpha,Collision X,Collision Y,Collision Z,Collision Roll,Collision Pitch,Collision Yaw,Collision Mesh Filename,Material Name,SW Components,Coordinate System,Axis Name,Joint Name,Joint Type,Joint Origin X,Joint Origin Y,Joint Origin Z,Joint Origin Roll,Joint Origin Pitch,Joint Origin Yaw,Parent,Joint Axis X,Joint Axis Y,Joint Axis Z,Limit Effort,Limit Velocity,Limit Lower,Limit Upper,Calibration rising,Calibration falling,Dynamics Damping,Dynamics Friction,Safety Soft Upper,Safety Soft Lower,Safety K Position,Safety K Velocity
base_link,-0.041134,-0.00020276,0.018962,0,0,0,0.2198141,6.9509E-05,-2.5371E-08,1.4287E-06,0.0002225,-7.7855E-07,0.00026269,0,0,0,0,0,0,package://14DOF-DW/meshes/base_link.STL,1,1,1,1,0,0,0,0,0,0,package://14DOF-DW/meshes/base_link.STL,,头部关节-下-2;IMU模块-1;主控固定板-1;头部关节-上-1;电源模块固定板-1;蛇头盖-1;蛇头圆角件-1;蛇头圆角件-2;蛇头顶圆角长件-1;双被动轮连接件-1;双被动轮连接件-3,base_link,,,,0,0,0,0,0,0,,0,0,0,,,,,,,,,,,,
link1,-0.0330591170047352,0.000143329179502418,0.0179182686393182,0,0,0,0.115519593456398,6.32841478476503E-05,-5.81289484277689E-09,9.89235679597917E-08,5.71429098237368E-05,-3.35928085089454E-10,7.13912775703644E-05,0,0,0,0,0,0,package://14DOF-DW/meshes/link1.STL,1,1,1,1,0,0,0,0,0,0,package://14DOF-DW/meshes/link1.STL,,舵机-2;正交关节-1;圆角长件-1;圆角长件-2;圆角件-2;双被动轮连接件-21,link1,joint1,yaw1,revolute,-0.124000856480825,-1.55332331870869E-05,0.00177993222305423,0.00872664625997146,0,0,base_link,0,0,1,1,1,-1.57,1.57,,,0.6,0.052,,,,
link2,-0.0321043967892307,0.000609841668310669,0.0179205112089453,0,0,0,0.111229997749691,6.31061986579459E-05,2.26957638639711E-09,5.00819582550366E-08,5.43101293841145E-05,-3.21600701070168E-10,6.87183471931726E-05,0,0,0,0,0,0,package://14DOF-DW/meshes/link2.STL,1,1,1,1,0,0,0,0,0,0,package://14DOF-DW/meshes/link2.STL,,舵机-4;正交关节-3;圆角件-4;圆角件-3;圆角长件-4;双被动轮连接件-13,link2,joint2,pitch1,revolute,-0.0758100000000003,0.0183,0.0188500000000013,1.5707963267949,0,0.00872664625997157,link1,-0.00872653549837385,0,0.999961923064171,1,1,-1.57,1.57,,,0.6,0.052,,,,
link3,-0.0332142598001915,0.000486940276140648,0.0176340374188234,0,0,0,0.115519593456485,6.32830396575755E-05,-5.58778334429632E-09,2.81217687024201E-08,5.71440007342327E-05,-1.24723538283347E-07,7.1391294850017E-05,0,0,0,0,0,0,package://14DOF-DW/meshes/link3.STL,1,1,1,1,0,0,0,0,0,0,package://14DOF-DW/meshes/link3.STL,,舵机-9;正交关节-8;圆角件-13;圆角长件-13;圆角长件-14;双被动轮连接件-12,link3,joint3,yaw2,revolute,-0.0759716085816395,-0.0188500000000013,0.0181877235936262,-1.57944649123982,-0.00880246354041921,-0.00872631979186493,link2,-0.00872587097686309,-0.00872653549837375,0.99992385047757,1,1,-1.57,1.57,,,0.6,0.052,,,,
link4,-0.0321043967892305,0.000609841668314402,0.0179205112089478,0,0,0,0.111229997749691,6.31061986579461E-05,2.26957638641655E-09,5.00819582549708E-08,5.43101293841148E-05,-3.21600701064558E-10,6.87183471931728E-05,0,0,0,0,0,0,package://14DOF-DW/meshes/link4.STL,1,1,1,1,0,0,0,0,0,0,package://14DOF-DW/meshes/link4.STL,,舵机-5;圆角长件-5;圆角件-5;正交关节-4;圆角件-6;双被动轮连接件-4,link4,joint4,pitch2,revolute,-0.0759730316937157,0.0186847870556136,0.0183515200447222,1.57944649121474,-0.00880213416012471,0.00872665203386414,link3,-0.00872653549837377,0,0.999961923064171,1,1,-1.57,1.57,,,0.6,0.052,,,,
link5,-0.0332142598001913,0.000486940276140624,0.0176340374188241,0,0,0,0.115519593456485,6.32830396575755E-05,-5.58778334432928E-09,2.81217687023804E-08,5.71440007342328E-05,-1.24723538283347E-07,7.1391294850017E-05,0,0,0,0,0,0,package://14DOF-DW/meshes/link5.STL,1,1,1,1,0,0,0,0,0,0,package://14DOF-DW/meshes/link5.STL,,舵机-10;正交关节-9;圆角件-15;圆角长件-15;圆角长件-16;双被动轮连接件-5,link5,joint5,yaw3,revolute,-0.0759716085816396,-0.0188499999999978,0.0181877235936335,-1.57944649123982,-0.00880246354041289,-0.00872631979187118,link4,-0.00872587097686309,-0.00872653549837375,0.99992385047757,1,1,-1.57,1.57,,,0.6,0.052,,,,
link6,-0.0321043967892309,0.00100700669845132,0.0179205112089479,0,0,0,0.111229997749691,6.3106198657946E-05,2.26957638637778E-09,5.00819582550447E-08,5.43101293841147E-05,-3.21600701066464E-10,6.87183471931727E-05,0,0,0,0,0,0,package://14DOF-DW/meshes/link6.STL,1,1,1,1,0,0,0,0,0,0,package://14DOF-DW/meshes/link6.STL,,舵机-8;正交关节-7;圆角长件-11;圆角件-12;圆角件-11;双被动轮连接件-7,link6,joint6,pitch3,revolute,-0.0759695660829059,0.0186882529303556,0.0179543852585124,1.57944649121474,-0.0088021341601309,0.00872665203385783,link5,-0.00872653549837375,0,0.999961923064171,1,1,-1.57,1.57,,,0.6,0.052,,,,
link7,-0.033214259800191,0.00048694027614575,0.0176340374188169,0,0,0,0.115519593456485,6.32830396575755E-05,-5.58778334428972E-09,2.81217687023448E-08,5.71440007342328E-05,-1.24723538283333E-07,7.1391294850017E-05,0,0,0,0,0,0,package://14DOF-DW/meshes/link7.STL,1,1,1,1,0,0,0,0,0,0,package://14DOF-DW/meshes/link7.STL,,舵机-7;正交关节-6;圆角件-9;圆角长件-9;圆角长件-10;双被动轮连接件-6,link7,joint7,yaw4,revolute,-0.0759716085816399,-0.0184528349698537,0.0181877235936386,-1.57944649123982,-0.00880246354040666,-0.00872631979187742,link6,-0.00872587097686309,-0.00872653549837375,0.99992385047757,1,1,-1.57,1.57,,,0.6,0.052,,,,
link8,-0.0321043967892308,0.00100700669845072,0.0179205112089521,0,0,0,0.111229997749692,6.3106198657946E-05,2.26957638640893E-09,5.0081958255061E-08,5.43101293841147E-05,-3.21600701068476E-10,6.87183471931728E-05,0,0,0,0,0,0,package://14DOF-DW/meshes/link8.STL,1,1,1,1,0,0,0,0,0,0,package://14DOF-DW/meshes/link8.STL,,舵机-6;正交关节-5;圆角长件-7;圆角件-8;圆角件-7;双被动轮连接件-15,link8,joint8,pitch4,revolute,-0.0759695660829057,0.0186882529303612,0.0179543852585042,1.57944649121474,-0.0088021341601369,0.00872665203385157,link7,-0.00872653549837375,0,0.999961923064171,1,1,-1.57,1.57,,,0.6,0.052,,,,
link9,-0.0332142598001908,0.000486940276155874,0.0176340374188119,0,0,0,0.115519593456486,6.32830396575756E-05,-5.58778334428729E-09,2.81217687023137E-08,5.71440007342329E-05,-1.24723538283334E-07,7.13912948500172E-05,0,0,0,0,0,0,package://14DOF-DW/meshes/link9.STL,1,1,1,1,0,0,0,0,0,0,package://14DOF-DW/meshes/link9.STL,,舵机-12;正交关节-11;圆角件-19;圆角长件-19;圆角长件-20;双被动轮连接件-8,link9,joint9,yaw5,revolute,-0.0759716085816403,-0.0184528349698482,0.0181877235936549,-1.57944649123982,-0.0088024635404005,-0.00872631979188347,link8,-0.00872587097686309,-0.00872653549837375,0.99992385047757,1,1,-1.57,1.57,,,0.6,0.052,,,,
link10,-0.0321043967892366,0.00100700669845616,0.0179205112089785,0,0,0,0.111229997749604,6.3106198657917E-05,2.2695763925702E-09,5.00819582663009E-08,5.43101293840832E-05,-3.21600691804875E-10,6.87183471931601E-05,0,0,0,0,0,0,package://14DOF-DW/meshes/link10.STL,1,1,1,1,0,0,0,0,0,0,package://14DOF-DW/meshes/link10.STL,,舵机-11;正交关节-10;圆角件-18;圆角长件-17;圆角件-17;双被动轮连接件-16,link10,joint10,pitch5,revolute,-0.0759695660829057,0.018688252930378,0.0179543852584979,1.57944649121474,-0.00880213416014251,0.00872665203384536,link9,-0.00872653549837375,0,0.999961923064171,1,1,-1.57,1.57,,,0.6,0.052,,,,
link11,-0.0332142598001914,0.000486940276169225,0.0176340374188049,0,0,0,0.115519593456486,6.32830396575756E-05,-5.5877833443024E-09,2.81217687022861E-08,5.71440007342328E-05,-1.24723538283341E-07,7.13912948500171E-05,0,0,0,0,0,0,package://14DOF-DW/meshes/link11.STL,1,1,1,1,0,0,0,0,0,0,package://14DOF-DW/meshes/link11.STL,,舵机-13;正交关节-12;圆角件-21;圆角长件-21;圆角长件-22;双被动轮连接件-17,link11,joint11,yaw6,revolute,-0.0759716085816402,-0.0184528349698413,0.0181877235936768,-1.57944649123982,-0.00880246354039429,-0.00872631979188913,link10,-0.00872587097686309,-0.00872653549837375,0.99992385047757,1,1,-1.57,1.57,,,0.6,0.052,,,,
link12,-0.0321043967892303,0.00100700669844857,0.0179205112089654,0,0,0,0.111229997749691,6.3106198657946E-05,2.26957638634427E-09,5.00819582551226E-08,5.43101293841145E-05,-3.21600701027508E-10,6.87183471931725E-05,0,0,0,0,0,0,package://14DOF-DW/meshes/link12.STL,1,1,1,1,0,0,0,0,0,0,package://14DOF-DW/meshes/link12.STL,,正交关节-14;圆角长件-25;圆角件-26;圆角件-25;舵机-15;双被动轮连接件-18,link12,joint12,pitch6,revolute,-0.0759695660829057,0.0186882529304005,0.0179543852584897,1.57944649121474,-0.00880213416014826,0.00872665203383909,link11,-0.00872653549837375,0,0.999961923064171,1,1,-1.57,1.57,,,0.6,0.052,,,,
link13,-0.0332142598001914,0.000486940276186699,0.0176340374187966,0,0,0,0.115519593456486,6.32830396575756E-05,-5.58778334431166E-09,2.81217687022498E-08,5.71440007342327E-05,-1.24723538283346E-07,7.13912948500169E-05,0,0,0,0,0,0,package://14DOF-DW/meshes/link13.STL,1,1,1,1,0,0,0,0,0,0,package://14DOF-DW/meshes/link13.STL,,舵机-14;正交关节-13;圆角件-23;圆角长件-23;圆角长件-24;双被动轮连接件-20,link13,joint13,yaw7,revolute,-0.0759716085816404,-0.0184528349698325,0.0181877235937044,-1.57944649123982,-0.0088024635403881,-0.00872631979189494,link12,-0.00872587097686309,-0.00872653549837375,0.99992385047757,1,1,-1.57,1.57,,,0.6,0.052,,,,
link14,-0.0622382372710417,0.00190041988714582,0.0184408738049318,0,0,0,0.348669188936961,0.000182467069759345,4.42623376572949E-07,4.29514680896864E-07,0.000279814336532175,-1.04223962692659E-07,0.00027261889460668,0,0,0,0,0,0,package://14DOF-DW/meshes/link14.STL,1,1,1,1,0,0,0,0,0,0,package://14DOF-DW/meshes/link14.STL,,舵机-1;电源关节-1;蛇尾圆角件-3;蛇尾圆角件-5;蛇尾圆角件-1;电池5000mAh-1;电源盖-1;双被动轮连接件-19;双被动轮连接件-14,link14,joint14,pitch7,revolute,-0.0759695660829058,0.0186882529304284,0.017954385258513,1.57944649121474,-0.00880213416011803,0.00872665203383316,link13,-0.00872653549837375,0,0.999961923064171,1,1,-1.57,1.57,,,0.6,0.052,,,,
lw_link16,0,-0.00293322164098823,-2.55978374619076E-05,0,0,0,0.00141371669411541,3.18101964139235E-08,7.9014179495145E-23,-4.0608444578632E-24,5.26357988700536E-08,1.81742279297546E-10,3.18117824547669E-08,0,0,0,0,0,0,package://14DOF-DW/meshes/lw_link16.STL,1,1,1,1,0,0,0,0,0,0,package://14DOF-DW/meshes/lw_link16.STL,,18mm被动轮-63,lw_link16,w_joint16,lw_joint16,continuous,-0.0268102180085332,-0.0491028349698577,-0.000883993978952714,-1.57952297305487,-0.00872664625997147,0,link14,0,0.999961923064171,0.00872653549837373,,,,,,,,,,,,
lw_link17,0,-0.00293322164098823,-2.55978374619076E-05,0,0,0,0.00141371669411541,3.18101964139235E-08,1.19123495175168E-23,-2.06468056430838E-24,5.26357988700536E-08,1.81742279297547E-10,3.18117824547669E-08,0,0,0,0,0,0,package://14DOF-DW/meshes/lw_link17.STL,1,1,1,1,0,0,0,0,0,0,package://14DOF-DW/meshes/lw_link17.STL,,18mm被动轮-54,lw_link17,w_joint17,lw_joint17,continuous,-0.0970937190014305,-0.0491028349698575,-0.0014973487999893,-1.57952297305487,-0.00872664625997147,0,link14,0,0.999961923064171,0.00872653549837373,,,,,,,,,,,,
rw_link16,0,0.00293322164098823,2.55978374618937E-05,0,0,0,0.00141371669411541,3.18101964139234E-08,1.08621860376444E-22,4.67780836277475E-24,5.26357988700535E-08,1.81742279297542E-10,3.18117824547669E-08,0,0,0,0,0,0,package://14DOF-DW/meshes/rw_link16.STL,1,1,1,1,0,0,0,0,0,0,package://14DOF-DW/meshes/rw_link16.STL,,18mm被动轮-64,rw_link16,w_joint16,rw_joint16,continuous,-0.0271505528929703,-0.0491028349698576,0.0381145210205501,-1.57952297305487,-0.00872664625997147,0,link14,0,0.999961923064171,0.00872653549837373,,,,,,,,,,,,
rw_link17,0,0.00293322164098823,2.55978374618868E-05,0,0,0,0.00141371669411541,3.18101964139234E-08,-1.43975294306611E-23,-2.45738817988651E-24,5.26357988700536E-08,1.81742279297547E-10,3.18117824547669E-08,0,0,0,0,0,0,package://14DOF-DW/meshes/rw_link17.STL,1,1,1,1,0,0,0,0,0,0,package://14DOF-DW/meshes/rw_link17.STL,,18mm被动轮-53,rw_link17,w_joint17,rw_joint17,continuous,-0.0974340538858673,-0.0491028349698577,0.0375011661995134,-1.57952297305487,-0.00872664625997147,0,link14,0,0.999961923064171,0.00872653549837373,,,,,,,,,,,,
lw_link15,-4.44089209850063E-16,-0.00293232424797326,-0.000128428891681791,0,0,0,0.00141371669411541,3.18101964139234E-08,-6.15138375155686E-22,-1.11814966907989E-23,5.26357988700536E-08,1.81742279297546E-10,3.18117824547669E-08,0,0,0,0,0,0,package://14DOF-DW/meshes/lw_link15.STL,1,1,1,1,0,0,0,0,0,0,package://14DOF-DW/meshes/lw_link15.STL,,18mm被动轮-65,lw_link15,w_joint15,lw_joint15,continuous,-0.0265508705348849,0.020368640435557,-0.030603427273256,0,-0.00872631399289025,0,link13,0,0.999961923064171,0.00872653549837373,,,,,,,,,,,,
rw_link15,-6.66133814775094E-16,0.0029341190340032,-7.72332167579548E-05,0,0,0,0.00141371669411541,3.18101964139234E-08,-5.94747671657624E-22,-5.82378013619716E-24,5.26357988700535E-08,1.81742279297542E-10,3.18117824547669E-08,0,0,0,0,0,0,package://14DOF-DW/meshes/rw_link15.STL,1,1,1,1,0,0,0,0,0,0,package://14DOF-DW/meshes/rw_link15.STL,,18mm被动轮-66,rw_link15,w_joint15,rw_joint15,continuous,-0.0265479007035121,-0.0186298745639462,-0.0309437491997695,0,-0.00872631399289025,0,link13,0,0.999961923064171,0.00872653549837373,,,,,,,,,,,,
lw_link14,-7.7715611723761E-16,-0.00293322164098831,-2.55978374618521E-05,0,0,0,0.00141371669411541,3.18101964139234E-08,-6.86780080443896E-22,-1.64338413404625E-23,5.26357988700536E-08,1.81742279297547E-10,3.18117824547669E-08,0,0,0,0,0,0,package://14DOF-DW/meshes/lw_link14.STL,1,1,1,1,0,0,0,0,0,0,package://14DOF-DW/meshes/lw_link14.STL,,18mm被动轮-61,lw_link14,w_joint14,lw_joint14,continuous,-0.026805854740788,-0.0491028349697893,-0.00138397494045616,-1.57952297305487,-0.00872664625997147,0,link12,0,0.999961923064171,0.00872653549837373,,,,,,,,,,,,
rw_link14,-5.55111512312578E-16,0.00293322164098816,2.55978374619215E-05,0,0,0,0.00141371669411541,3.18101964139234E-08,-6.676804156995E-22,-2.40552519043751E-25,5.26357988700535E-08,1.81742279297543E-10,3.18117824547669E-08,0,0,0,0,0,0,package://14DOF-DW/meshes/rw_link14.STL,1,1,1,1,0,0,0,0,0,0,package://14DOF-DW/meshes/rw_link14.STL,,18mm被动轮-62,rw_link14,w_joint14,rw_joint14,continuous,-0.0271461896252234,-0.0491028349697894,0.0376145400590467,-1.57952297305487,-0.00872664625997147,0,link12,0,0.999961923064171,0.00872653549837373,,,,,,,,,,,,
lw_link13,1.11022302462516E-16,-0.00293232424797327,-0.00012842889168159,0,0,0,0.00141371669411541,3.18101964139234E-08,-6.275197830062E-22,-5.65036832472448E-24,5.26357988700535E-08,1.81742279297548E-10,3.18117824547668E-08,0,0,0,0,0,0,package://14DOF-DW/meshes/lw_link13.STL,1,1,1,1,0,0,0,0,0,0,package://14DOF-DW/meshes/lw_link13.STL,,18mm被动轮-59,lw_link13,w_joint13,lw_joint13,continuous,-0.0265508705348851,0.0203686404355364,-0.030603427273267,0,-0.0087263139928903,0,link11,0,0.999961923064171,0.00872653549837373,,,,,,,,,,,,
rw_link13,-3.33066907387547E-16,0.0029341190340032,-7.72332167578993E-05,0,0,0,0.00141371669411541,3.18101964139234E-08,-6.16267832274695E-22,-5.89837388525967E-24,5.26357988700536E-08,1.81742279297542E-10,3.18117824547669E-08,0,0,0,0,0,0,package://14DOF-DW/meshes/rw_link13.STL,1,1,1,1,0,0,0,0,0,0,package://14DOF-DW/meshes/rw_link13.STL,,18mm被动轮-60,rw_link13,w_joint13,rw_joint13,continuous,-0.0265479007035123,-0.0186298745639668,-0.03094374919978,0,-0.0087263139928903,0,link11,0,0.999961923064171,0.00872653549837373,,,,,,,,,,,,
lw_link12,-3.33066907387547E-16,-0.00293322164098824,-2.55978374619839E-05,0,0,0,0.00141371669411541,3.18101964139234E-08,-4.49802666995832E-22,-7.57370502100373E-24,5.26357988700535E-08,1.81742279297546E-10,3.18117824547668E-08,0,0,0,0,0,0,package://14DOF-DW/meshes/lw_link12.STL,1,1,1,1,0,0,0,0,0,0,package://14DOF-DW/meshes/lw_link12.STL,,18mm被动轮-57,lw_link12,w_joint12,lw_joint12,continuous,-0.0268058547407874,-0.0491028349698179,-0.00138397494046894,-1.57952297305487,-0.00872664625997147,0,link10,0,0.999961923064171,0.00872653549837373,,,,,,,,,,,,
rw_link12,-2.22044604925031E-16,0.00293322164098823,2.55978374618451E-05,0,0,0,0.00141371669411541,3.18101964139234E-08,-4.03644164494426E-22,2.53219504651484E-24,5.26357988700535E-08,1.81742279297542E-10,3.18117824547669E-08,0,0,0,0,0,0,package://14DOF-DW/meshes/rw_link12.STL,1,1,1,1,0,0,0,0,0,0,package://14DOF-DW/meshes/rw_link12.STL,,18mm被动轮-58,rw_link12,w_joint12,rw_joint12,continuous,-0.0271461896252231,-0.049102834969819,0.0376145400590331,-1.57952297305487,-0.00872664625997147,0,link10,0,0.999961923064171,0.00872653549837373,,,,,,,,,,,,
lw_link11,-4.44089209850063E-16,-0.00293232424795948,-0.000128428891668649,0,0,0,0.00141371669411541,3.18101964139234E-08,-3.28928455004693E-22,-8.29073363121746E-24,5.26357988700536E-08,1.81742279297548E-10,3.18117824547669E-08,0,0,0,0,0,0,package://14DOF-DW/meshes/lw_link11.STL,1,1,1,1,0,0,0,0,0,0,package://14DOF-DW/meshes/lw_link11.STL,,18mm被动轮-41,lw_link11,w_joint11,lw_joint11,continuous,-0.0265508705348829,0.0203686404355155,-0.0306034272733036,0,-0.00872631399289035,0,link9,0,0.999961923064171,0.00872653549837373,,,,,,,,,,,,
rw_link11,-4.44089209850063E-16,0.00293411903401699,-7.72332167448542E-05,0,0,0,0.00141371669411541,3.18101964139234E-08,-2.89726682457603E-22,2.41170184571014E-24,5.26357988700535E-08,1.81742279297544E-10,3.18117824547669E-08,0,0,0,0,0,0,package://14DOF-DW/meshes/rw_link11.STL,1,1,1,1,0,0,0,0,0,0,package://14DOF-DW/meshes/rw_link11.STL,,18mm被动轮-42,rw_link11,w_joint11,rw_joint11,continuous,-0.0265479007035107,-0.0186298745639868,-0.030943749199818,0,-0.00872631399289035,0,link9,0,0.999961923064171,0.00872653549837373,,,,,,,,,,,,
lw_link10,-5.55111512312578E-16,-0.00293322164099034,-2.5597837450958E-05,0,0,0,0.00141371669411541,3.18101964139235E-08,-1.68985487123313E-23,-7.09729179058131E-24,5.26357988700536E-08,1.81742279297544E-10,3.18117824547669E-08,0,0,0,0,0,0,package://14DOF-DW/meshes/lw_link10.STL,1,1,1,1,0,0,0,0,0,0,package://14DOF-DW/meshes/lw_link10.STL,,18mm被动轮-55,lw_link10,w_joint10,lw_joint10,continuous,-0.0268058547407847,-0.04910283496986,-0.00138397494048668,-1.57952297305487,-0.00872664625997147,0,link8,0,0.999961923064171,0.00872653549837373,,,,,,,,,,,,
rw_link10,-5.55111512312578E-16,0.00293322164098613,2.55978374729335E-05,0,0,0,0.00141371669411541,3.18101964139235E-08,1.18466884447114E-23,4.08519771183187E-24,5.26357988700536E-08,1.81742279297544E-10,3.18117824547669E-08,0,0,0,0,0,0,package://14DOF-DW/meshes/rw_link10.STL,1,1,1,1,0,0,0,0,0,0,package://14DOF-DW/meshes/rw_link10.STL,,18mm被动轮-56,rw_link10,w_joint10,rw_joint10,continuous,-0.0271461896252218,-0.0491028349698602,0.037614540059016,-1.57952297305487,-0.00872664625997147,0,link8,0,0.999961923064171,0.00872653549837373,,,,,,,,,,,,
lw_link9,-2.22044604925031E-16,-0.00293232424796593,-0.00012842889167472,0,0,0,0.00141371669411541,3.18101964139234E-08,-1.93160240322624E-22,-7.60084287255933E-24,5.26357988700535E-08,1.81742279297547E-10,3.18117824547669E-08,0,0,0,0,0,0,package://14DOF-DW/meshes/lw_link9.STL,1,1,1,1,0,0,0,0,0,0,package://14DOF-DW/meshes/lw_link9.STL,,18mm被动轮-37,lw_link9,w_joint9,lw_joint9,continuous,-0.0265508705348827,0.0203686404355116,-0.0306034272733064,0,-0.00872631399289041,0,link7,0,0.999961923064171,0.00872653549837373,,,,,,,,,,,,
rw_link9,0,0.00293411903401054,-7.72332167509743E-05,0,0,0,0.00141371669411541,3.18101964139234E-08,-1.79962118113194E-22,6.16909096258958E-24,5.26357988700535E-08,1.81742279297549E-10,3.18117824547669E-08,0,0,0,0,0,0,package://14DOF-DW/meshes/rw_link9.STL,1,1,1,1,0,0,0,0,0,0,package://14DOF-DW/meshes/rw_link9.STL,,18mm被动轮-38,rw_link9,w_joint9,rw_joint9,continuous,-0.0265479007035103,-0.0186298745639909,-0.0309437491998205,0,-0.00872631399289041,0,link7,0,0.999961923064171,0.00872653549837373,,,,,,,,,,,,
lw_link8,-1.11022302462516E-16,-0.00293322164098824,-2.55978374588683E-05,0,0,0,0.00141371669411541,3.18101964139234E-08,-1.60804676783667E-23,-4.22582569159601E-25,5.26357988700536E-08,1.81742279297545E-10,3.18117824547669E-08,0,0,0,0,0,0,package://14DOF-DW/meshes/lw_link8.STL,1,1,1,1,0,0,0,0,0,0,package://14DOF-DW/meshes/lw_link8.STL,,18mm被动轮-39,lw_link8,w_joint8,lw_joint8,continuous,-0.0268058547407853,-0.0491028349698552,-0.0013839749404834,-1.57952297305487,-0.00872664625997147,0,link6,0,0.999961923064171,0.00872653549837373,,,,,,,,,,,,
rw_link8,0,0.00293322164098823,2.55978374649191E-05,0,0,0,0.00141371669411541,3.18101964139235E-08,1.18466884447114E-23,4.08519771183187E-24,5.26357988700536E-08,1.81742279297544E-10,3.18117824547669E-08,0,0,0,0,0,0,package://14DOF-DW/meshes/rw_link8.STL,1,1,1,1,0,0,0,0,0,0,package://14DOF-DW/meshes/rw_link8.STL,,18mm被动轮-40,rw_link8,w_joint8,rw_joint8,continuous,-0.0271461896252221,-0.0491028349698553,0.0376145400590193,-1.57952297305487,-0.00872664625997147,0,link6,0,0.999961923064171,0.00872653549837373,,,,,,,,,,,,
lw_link7,0,-0.0029323242479761,-0.000128428891679237,0,0,0,0.00141371669411541,3.18101964139234E-08,-9.24424032328881E-24,4.87547002142746E-25,5.26357988700535E-08,1.81742279297544E-10,3.18117824547668E-08,0,0,0,0,0,0,package://14DOF-DW/meshes/lw_link7.STL,1,1,1,1,0,0,0,0,0,0,package://14DOF-DW/meshes/lw_link7.STL,,18mm被动轮-35,lw_link7,w_joint7,lw_joint7,continuous,-0.026550870534882,0.0203686404355164,-0.030603427273307,0,-0.00872631399289046,0,link5,0,0.999961923064171,0.00872653549837373,,,,,,,,,,,,
rw_link7,-1.11022302462516E-16,0.00293411903400037,-7.7233216755436E-05,0,0,0,0.00141371669411541,3.18101964139234E-08,-1.08044946546755E-22,1.3641917254618E-24,5.26357988700535E-08,1.81742279297543E-10,3.18117824547669E-08,0,0,0,0,0,0,package://14DOF-DW/meshes/rw_link7.STL,1,1,1,1,0,0,0,0,0,0,package://14DOF-DW/meshes/rw_link7.STL,,18mm被动轮-36,rw_link7,w_joint7,rw_joint7,continuous,-0.0265479007035101,-0.0186298745639891,-0.0309437491998167,0,-0.00872631399289046,0,link5,0,0.999961923064171,0.00872653549837373,,,,,,,,,,,,
lw_link6,0,-0.00293322164098823,-2.55978374618937E-05,0,0,0,0.00141371669411541,3.18101964139234E-08,-2.4588250583617E-24,-2.44403891558448E-25,5.26357988700536E-08,1.81742279297549E-10,3.18117824547669E-08,0,0,0,0,0,0,package://14DOF-DW/meshes/lw_link6.STL,1,1,1,1,0,0,0,0,0,0,package://14DOF-DW/meshes/lw_link6.STL,,18mm被动轮-33,lw_link6,w_joint6,lw_joint6,continuous,-0.0268058547407845,-0.0494999999999963,-0.00138397494048572,-1.57952297305487,-0.00872664625997148,0,link4,0,0.999961923064171,0.00872653549837373,,,,,,,,,,,,
rw_link6,-8.32667268468867E-16,0.00293322164098823,2.55978374618937E-05,0,0,0,0.00141371669411541,3.18101964139234E-08,-5.62123910133136E-21,-3.94393215747157E-23,5.26357988700535E-08,1.81742279297539E-10,3.18117824547669E-08,0,0,0,0,0,0,package://14DOF-DW/meshes/rw_link6.STL,1,1,1,1,0,0,0,0,0,0,package://14DOF-DW/meshes/rw_link6.STL,,18mm被动轮-34,rw_link6,w_joint6,rw_joint6,continuous,-0.0271461896252372,-0.0494999999998329,0.0376145400591222,-1.57952297305487,-0.00872664625997148,0,link4,0,0.999961923064171,0.00872653549837373,,,,,,,,,,,,
lw_link5,0,-0.00242887741170697,-0.000521215531244797,0,0,0,0.00141371669411541,3.18101964139234E-08,-5.06269718151728E-23,3.10384000000364E-25,5.26357988700535E-08,1.81742279297546E-10,3.18117824547669E-08,0,0,0,0,0,0,package://14DOF-DW/meshes/lw_link5.STL,1,1,1,1,0,0,0,0,0,0,package://14DOF-DW/meshes/lw_link5.STL,,18mm被动轮-49,lw_link5,w_joint5,lw_joint5,continuous,-0.0265542980709306,0.0198651935992453,-0.0302106555887176,0,-0.00872631399289052,0,link3,0,0.999961923064171,0.00872653549837373,,,,,,,,,,,,
rw_link5,0,0.0034375658702695,-0.000470019856321002,0,0,0,0.00141371669411541,3.18101964139234E-08,-2.14759307821292E-23,2.6962123025827E-24,5.26357988700535E-08,1.81742279297542E-10,3.18117824547668E-08,0,0,0,0,0,0,package://14DOF-DW/meshes/rw_link5.STL,1,1,1,1,0,0,0,0,0,0,package://14DOF-DW/meshes/rw_link5.STL,,18mm被动轮-50,rw_link5,w_joint5,rw_joint5,continuous,-0.026551328239558,-0.0191333214002574,-0.0305509775152314,0,-0.00872631399289052,0,link3,0,0.999961923064171,0.00872653549837373,,,,,,,,,,,,
lw_link4,-2.77555756156289E-17,-0.00293322164098823,-2.55978374618937E-05,0,0,0,0.00141371669411541,3.18101964139235E-08,-1.8664778521307E-23,-1.15089459692888E-24,5.26357988700536E-08,1.81742279297546E-10,3.18117824547669E-08,0,0,0,0,0,0,package://14DOF-DW/meshes/lw_link4.STL,1,1,1,1,0,0,0,0,0,0,package://14DOF-DW/meshes/lw_link4.STL,,18mm被动轮-51,lw_link4,w_joint4,lw_joint4,continuous,-0.0268058547407845,-0.0495000000000013,-0.00138397494048469,-1.57952297305487,-0.00872664625997157,0,link2,0,0.999961923064171,0.00872653549837373,,,,,,,,,,,,
rw_link4,0,0.00293322164098823,2.55978374619006E-05,0,0,0,0.00141371669411541,3.18101964139234E-08,2.28573598673812E-24,3.34699199973535E-24,5.26357988700535E-08,1.81742279297543E-10,3.18117824547669E-08,0,0,0,0,0,0,package://14DOF-DW/meshes/rw_link4.STL,1,1,1,1,0,0,0,0,0,0,package://14DOF-DW/meshes/rw_link4.STL,,18mm被动轮-52,rw_link4,w_joint4,rw_joint4,continuous,-0.027146189625221,-0.0495000000000013,0.037614540059018,-1.57952297305487,-0.00872664625997157,0,link2,0,0.999961923064171,0.00872653549837373,,,,,,,,,,,,
lw_link3,1.11022302462516E-16,-0.00292885837323904,-0.000525578798993946,0,0,0,0.00141371669411541,3.18101964139235E-08,-1.51696964495006E-23,3.46285169313628E-24,5.26357988700536E-08,1.81742279297543E-10,3.18117824547669E-08,0,0,0,0,0,0,package://14DOF-DW/meshes/lw_link3.STL,1,1,1,1,0,0,0,0,0,0,package://14DOF-DW/meshes/lw_link3.STL,,18mm被动轮-67,lw_link3,w_joint3,lw_joint3,continuous,-0.0268169113624207,0.0196028349698603,-0.03015,-0.00872664625997146,0,0,link1,0,0.999961923064171,0.00872653549837373,,,,,,,,,,,,
rw_link3,2.77555756156289E-17,0.00293758490873742,-0.000474383124070207,0,0,0,0.00141371669411541,3.18101964139235E-08,1.1846710473584E-23,4.08267345305486E-24,5.26357988700536E-08,1.81742279297544E-10,3.18117824547669E-08,0,0,0,0,0,0,package://14DOF-DW/meshes/rw_link3.STL,1,1,1,1,0,0,0,0,0,0,package://14DOF-DW/meshes/rw_link3.STL,,18mm被动轮-68,rw_link3,w_joint3,rw_joint3,continuous,-0.0268169113624207,-0.0193971650301397,-0.03015,-0.00872664625997146,0,0,link1,0,0.999961923064171,0.00872653549837373,,,,,,,,,,,,
lw_link1,0,-0.00293322164098823,-2.55978374618937E-05,0,0,0,0.00141371669411541,3.18101964139235E-08,-1.17746243864695E-23,6.39936855810383E-24,5.26357988700536E-08,1.81742279297544E-10,3.18117824547669E-08,0,0,0,0,0,0,package://14DOF-DW/meshes/lw_link1.STL,1,1,1,1,0,0,0,0,0,0,package://14DOF-DW/meshes/lw_link1.STL,,18mm被动轮-28,lw_link1,w_joint1,lw_joint1,continuous,-0.00225776784324565,0.0197511925795894,-0.0286987332766443,0,0,0,base_link,0,0.999961923064171,0.00872653549837373,,,,,,,,,,,,
lw_link2,0,-0.00293322164098823,-2.55978374619006E-05,0,0,0,0.00141371669411541,3.18101964139235E-08,-1.43233569340692E-23,-3.09756941182429E-24,5.26357988700536E-08,1.81742279297547E-10,3.18117824547669E-08,0,0,0,0,0,0,package://14DOF-DW/meshes/lw_link2.STL,1,1,1,1,0,0,0,0,0,0,package://14DOF-DW/meshes/lw_link2.STL,,18mm被动轮-31,lw_link2,w_joint2,lw_joint2,continuous,-0.0722577678432457,0.0197511925795894,-0.0286987332766443,0,0,0,base_link,0,0.999961923064171,0.00872653549837373,,,,,,,,,,,,
rw_link1,0,0.00293322164098823,2.55978374619006E-05,0,0,0,0.00141371669411541,3.18101964139234E-08,9.16502165302533E-24,3.80356738247198E-24,5.26357988700536E-08,1.81742279297544E-10,3.18117824547669E-08,0,0,0,0,0,0,package://14DOF-DW/meshes/rw_link1.STL,1,1,1,1,0,0,0,0,0,0,package://14DOF-DW/meshes/rw_link1.STL,,18mm被动轮-27,rw_link1,w_joint1,rw_joint1,continuous,-0.00225776784324567,-0.0192473224199133,-0.0290390681610809,0,0,0,base_link,0,0.999961923064171,0.00872653549837373,,,,,,,,,,,,
rw_link2,0,0.00293322164098823,2.55978374618937E-05,0,0,0,0.00141371669411541,3.18101964139235E-08,1.1800527919865E-23,3.93061487046748E-24,5.26357988700536E-08,1.81742279297544E-10,3.18117824547669E-08,0,0,0,0,0,0,package://14DOF-DW/meshes/rw_link2.STL,1,1,1,1,0,0,0,0,0,0,package://14DOF-DW/meshes/rw_link2.STL,,18mm被动轮-32,rw_link2,w_joint2,rw_joint2,continuous,-0.0722577678432457,-0.0192473224199133,-0.0290390681610809,0,0,0,base_link,0,0.999961923064171,0.00872653549837373,,,,,,,,,,,,
